{"cameraMode":{"drawMode":0,"name":"Shaded","section":"Shading Mode"},"sceneLighting":true,"audioPlay":false,"sceneViewState":{"m_AlwaysRefresh":false,"showFog":true,"showSkybox":true,"showFlares":true,"showImageEffects":true,"showParticleSystems":true,"showVisualEffectGraphs":true,"m_FxEnabled":true},"in2DMode":false,"pivot":{"x":12.711484909057618,"y":1.7243071794509888,"z":-22.66509437561035},"rotation":{"x":0.11383605003356934,"y":0.7066154479980469,"z":-0.11678288877010346,"w":0.6886004209518433},"size":2.2534542083740236,"orthographic":false}